-6.490275829531797491e+00	-1.503581828588349367e+01	-1.394233631371928128e+00	8.479096265008986832e-02	9.945317335566885870e-04	-2.270427177726090651e-02	1.723190000734852595e-02	-1.470293407556624507e-02	3.281923357337861082e-03	-7.075751311675387671e-03	-5.988419701124195194e-03	-2.219936416381222948e-03	1.593793782245785540e-03	-2.244266959576671292e-04	2.070862855840724381e-04	-1.255919597275691885e-02	1.336901626469398424e-03	6.776219930759983835e-04	2.512061800912424037e-01	-2.980962611757890457e+00	9.126222341111913661e-01	7.681613111824997508e-04	3.749975151705651766e-01	5.183034335355393186e-03	-1.706244478450967272e-01	-3.096123785472643664e-01	-1.622426822665162527e-01	-1.327840948143907684e-01	-1.485939041084008982e-01	-1.191205845747380226e-01	-7.230431807431390856e-02	-5.874757058736982535e-02	-4.984475440894316906e-02	-3.734393680955214873e-02	-2.928021931373007633e-02	-2.290746120992626436e-02	-1.510752541438518080e-02	-1.417724379000628865e-02	-1.286742608399736587e-02	8.956443235891677415e-03	-7.256782557151090704e-03	7.986047161002087988e-03	-1.036820514151347511e-03	-2.366783437512183941e-04	1.807355217323860716e-02	-1.016173114144478147e-02	-2.402235564448945444e-03	-1.695511891684831421e-02	-6.340804882180206548e-02	-4.405263135282123932e-02	2.242874744927270819e-02	-1.831679737119721110e-02	-1.604077593884019326e-02	1.550454948905634865e-02	-8.298383201001305332e-03	7.837315842214271494e-03
1.336484016980383771e-01	-6.486706826397750092e+00	-1.506013462473479336e+01	-1.214319276401481185e+00	1.582884784014381707e-01	-5.213821608369919973e-03	-5.768100843016611343e-03	1.492172872538264153e-02	3.860410890132022661e-03	8.696254570997893549e-03	7.014427069036257775e-03	-2.109661638894904517e-03	3.046768516681622879e-03	-1.082318504874107967e-02	1.233788062378981566e-02	-1.197350380590466758e-02	-7.275009130488797882e-02	7.253789374875564411e-01	-8.704884001764381374e-01	1.105701850163785194e+00	-1.309790506971343638e-01	1.181532833587916054e-01	-1.931242095814910131e-01	-6.162660761288960704e-02	1.448081378040444803e-02	-6.912909036518635406e-03	-3.054222338994924332e-02	5.610137369473655600e-02	1.085375184284724237e-01	1.032150881351335814e-01	5.949096673507564548e-02	6.039889911624305580e-02	6.243853904327578003e-02	4.251485012533962049e-02	3.237392809821271894e-02	2.935328391189915079e-02	1.953891757236559182e-02	1.498249572640763388e-02	1.956241365193800777e-02	-6.387420080238810811e-03	5.679631697305625657e-03	-5.924111364056967866e-03	-2.127688793207104141e-03	9.720790969159098446e-03	-1.239478963938565013e-02	-3.022803313481038992e-03	4.935734365173186783e-02	4.759515154883960791e-02	1.254847125775391814e-01	2.023600520250255497e-01	4.030516535619457080e-02	9.362937124292348978e-02	3.482496615796993548e-03	-7.297986871706164079e-03	1.702577604426720303e-03	-6.583675564476300542e-03
-5.887950737177942429e-02	1.296711160319455325e-01	-6.156387944531705791e+00	-1.505959467856013312e+01	-1.750906339879263696e+00	2.008651302509380787e-01	-5.361856169070249034e-02	5.952426375841484048e-03	-1.986902280013525326e-02	-6.147221693716069420e-03	-4.087626002585511252e-03	1.214736962152413238e-02	-1.351646905858411123e-02	3.770885232708755946e-02	-3.849197903131630627e-02	1.154947977261137765e-01	7.838676912220382542e-01	-7.436195893439863092e+00	4.399756561132674437e-01	6.671862683352607071e-02	-5.647810828659929894e-02	-1.034191677985495800e-01	3.062705710504871892e-02	1.441207453033724328e-02	4.269746948166425193e-02	1.506628787707838812e-01	1.271505379628350696e-01	2.074668461452613619e-02	-1.519166480500560787e-02	3.104789142511676925e-02	1.595802832249366976e-02	-3.746253999344260899e-02	-6.019324099566917413e-02	-2.504671395414495572e-02	-2.111582262423614478e-02	-3.079917834678516653e-02	-1.888464156600897989e-02	-1.035449309430063435e-02	-2.530173882054836607e-02	-3.405948866803934407e-03	-1.156284511549866313e-03	1.608738600200327717e-04	-7.340741220199652368e-03	1.009529800648147763e-02	-6.338895187213526572e-02	1.488088230264061618e-01	-1.104202456248904313e-01	-2.533853921854958141e-02	-2.869002801360949831e-02	-3.298978651722371258e-01	-5.660254863938671832e-01	5.376511202142368884e-01	-4.732028780892633818e-02	-1.411332494654591110e-02	1.617378275559327658e-02	-9.194841413344936225e-04
-5.936620142820128038e-02	-3.357838191029945824e-02	1.415065735751978304e-01	-7.010848773305570880e+00	-1.505042579945706827e+01	-1.844850647816039135e+00	2.678753090378677149e-01	-4.927156148221788212e-02	4.935107905567109182e-02	2.538672915119962945e-03	-1.346472722126214490e-04	-2.264682190443997878e-02	1.837396278305197805e-02	-4.998357032361085139e-02	-5.755184245106226976e-02	4.741426068232795776e-01	-9.643479785561523965e-01	5.869077305212105911e-01	-5.909785773115599355e-02	8.122423201188420233e-03	1.145632977559887453e-02	4.410858473133324326e-02	-2.594405357458724054e-02	8.135077867453533156e-04	-1.300851747975693452e-02	-6.232086583302470784e-02	-6.252720683262621981e-02	-5.919620340479862623e-03	-4.240116762205758949e-03	-5.798178491908711346e-02	-3.275004089713538791e-02	1.851457458575166137e-02	3.362664873983828989e-02	5.008149972360558325e-03	8.972144514746569627e-03	2.219141871345012978e-02	1.400471290935488902e-02	3.729606473670911849e-03	2.524317736976811749e-02	1.176273469945919407e-02	1.454440864892332002e-03	-2.586129890809064046e-03	3.893596702382908642e-02	-9.735320030363847632e-02	1.672039344793107285e-01	-3.645557626421261910e-01	9.734168734789783173e-02	-5.333767841300374873e-02	-1.127519237136627439e-01	1.935296775915175960e-01	5.742737772127958218e-01	-2.495715576037920158e+00	4.411731920229999271e-01	3.857081661253940891e-02	-3.623167465356307015e-02	8.618037598047419146e-03
-6.506765200851477235e-03	-3.302121569240485527e-02	-3.796931654799581835e-02	1.958039733526934223e-01	-6.396330485626876339e+00	-1.505046600986040772e+01	-2.397915010593475227e+00	2.778492757394033230e-01	-1.376401717918541989e-01	2.332449459589258645e-02	1.589076715978612192e-02	4.331152765497281454e-02	-8.842645934735948038e-03	1.059652757614446689e-02	9.393299319080686827e-01	-6.018990397909192325e+00	2.893399512784764482e-01	1.748920688244553212e-01	-5.703498482088827093e-02	2.949023557929022696e-02	-1.504496632815005043e-02	-8.107518952328038667e-03	-2.088703427010369165e-02	-3.421199142480902539e-02	-1.314505422350044014e-02	-8.975574294553067753e-03	-5.741776343523612158e-02	-3.419934721911882525e-02	1.091210054046333824e-02	5.437119161571687259e-02	2.061052947349097456e-02	2.683076159899372773e-02	4.919901400216815379e-02	9.887254743791389078e-02	4.767055526012062977e-02	1.836708586158015272e-02	3.039203425242094012e-02	2.376488746640866012e-02	1.317842333872855636e-03	-3.636211237709559285e-02	1.756181162560087458e-03	5.396538658347688200e-03	-9.358739934606757904e-02	2.374936319084470504e-01	-1.541398408109627138e-01	1.944618687612090224e-01	-3.522526514198771885e-02	3.719989087583026877e-02	6.716064404600334548e-02	-5.756161663006694601e-02	-1.368580064167236321e-01	4.913533999453670864e-01	-8.891219229922797673e-01	3.247836641988318118e-01	2.644142878321470436e-02	-3.779681523047121600e-02
-1.479013991537575512e-02	1.291342471820198547e-02	-1.500946755134149185e-02	-1.049353316147134535e-01	4.959761176984597841e-02	-6.688029486496601450e+00	-1.505705588034907727e+01	-2.293308651845988422e+00	4.132351656838395004e-01	-6.151110938434310726e-02	-4.823608396978260049e-02	-8.023264195634671747e-02	-3.519844918749595597e-02	5.056129519189316301e-01	-7.456137882783415716e-01	7.003860496776549427e-01	-1.023551770014841794e-01	2.352246232917458869e-03	4.061637956954106121e-03	5.085031587836530594e-03	-9.460712836592767745e-04	7.334381221474508931e-03	-2.458036876492865948e-03	1.349459606133149477e-02	1.062502542347549053e-02	-1.640347088737089624e-03	8.706966526536781201e-03	2.872779751833116901e-02	1.224592337582020886e-02	-1.234112499743014388e-02	2.624368021438224646e-02	1.939079473462121048e-02	-3.578916077433659873e-04	-3.585903218705489143e-02	-3.793281618015162393e-03	2.016028060955752169e-03	-2.722759504443904646e-02	-1.189881468438041059e-02	2.455202238255051531e-02	2.913584942772808745e-02	5.923082366299734641e-02	-1.410011342693381353e-01	2.859084689090169440e-01	-5.610376391278817376e-01	9.700542990901524221e-02	-5.607321026089371468e-02	-2.357270642216735546e-02	-4.389568219414841793e-02	-5.594487158393057075e-02	-3.255322039969743564e-02	-5.292762969175306142e-02	2.768263369260560713e-01	7.807847232463348552e-01	-8.698615007005679800e+00	4.104224357196143425e-01	3.159374910986350454e-02
-5.620957215538665251e-03	-1.800304567837979555e-02	1.294246912131200543e-02	1.602814084967066300e-03	-1.050150831208401803e-01	1.259147996021663385e-01	-6.415492266810192135e+00	-1.502970263506964166e+01	-9.116747968768131871e-01	2.231557078097539115e-01	1.727788949821221776e-01	1.625353826190531759e-01	3.514454721373321266e-01	-3.831408726871226023e+00	2.778284537439626445e-01	1.800939503291141552e-01	-4.401403710908761285e-02	1.977320034740765939e-02	-9.298506749483299860e-03	1.039877287647024287e-03	2.007737162312829787e-04	3.639206283807202430e-03	-1.115171921080517804e-02	-1.929776962068875668e-02	-1.560651111550033325e-02	-1.659452178755079985e-02	-3.169183304344388302e-02	-3.388142506063905601e-02	-2.114825213181243529e-02	-2.770293045912781971e-02	-5.424284290777459105e-02	-2.116330038347605941e-02	1.470568302604250690e-03	-1.974936220547266266e-03	-1.504632565983752245e-02	9.360677332709899101e-03	5.778577095874936481e-02	2.870273792004320208e-03	-1.164381416426955515e-02	3.787976835490187294e-02	-9.563761924800608105e-02	1.717704718269711939e-01	-1.691341547461204242e-01	2.027458192027157269e-01	-4.747756514579863640e-02	3.859206894342916833e-02	4.804707951122542779e-03	1.932707663197657036e-02	2.784961263579831259e-02	-5.964266524086542795e-04	-7.932636605853414166e-03	-2.850120405488077227e-02	-1.601282369892218505e-01	1.190772832308365281e+00	-6.844283816449348024e-01	2.008470610534681400e-01
-1.005159075940792630e-02	1.041959215698186949e-04	-3.102970996801636736e-05	-2.665947920880569824e-02	1.211940111500225785e-02	-1.730454394798057183e-01	-2.387977165054991080e-01	-4.519266247031518802e+00	-1.509429055171268708e+01	-2.478074375450092237e-01	-5.900234835956953694e-02	1.127607569243237601e-01	-7.165965182721165672e-01	6.951007448222067397e-01	-1.587046611327377066e-01	5.635370545951454146e-02	-1.179051197476151634e-02	-2.742239634941595876e-03	2.747138284047611918e-03	1.724540747939259672e-03	-3.371133649332075908e-05	6.585537638193069386e-03	-8.607720085291082485e-03	-4.080937258020800665e-03	-2.455458886467358926e-03	-1.016508866328700786e-02	-1.494734609057753183e-02	-4.362006829881481980e-03	-5.162742924993930956e-03	-2.112966840663721077e-02	-1.729843361431828222e-02	2.464481114628479155e-03	-1.109673332250849702e-03	-2.500666456778187843e-02	-3.809516614900167446e-03	1.155922116973226443e-02	1.136359795886895431e-02	-1.095038404577092749e-02	4.560603127541539015e-02	2.247966354352146090e-02	1.749131612347448461e-01	-4.463817085541884055e-01	5.324860153815284131e-02	4.464093390476200907e-02	-3.950432533302036114e-02	2.925541620684586619e-02	-2.066190222968938145e-02	-1.327449753921965819e-02	-1.130324446365597348e-02	-2.085036342012784941e-02	-2.862761642944817997e-02	5.054019413079055556e-02	-1.237072787811023394e-01	4.832276627496217003e-01	4.939145270782481223e-01	-6.678819201636702729e+00
-1.887578190657425393e-03	-8.426545024350617571e-03	1.141824502573824188e-02	-7.208659581875621544e-03	8.334653611049323363e-04	3.720731704044796112e-02	-1.107044429733037155e-01	6.284487387665221858e-01	-3.450341605098155906e+00	-1.504203069000264215e+01	2.754212387100879234e+00	2.633603754186428336e+00	1.568365532057352241e-01	-1.118806724474232517e-01	2.034383651242369084e-02	1.032552774564856474e-02	3.634127191479690085e-04	-3.880953819039987228e-03	2.300429006402496691e-03	-4.765022280797947228e-03	3.653583765660029913e-03	3.479781756433306551e-03	-3.907117971246912638e-03	-7.424073998877919398e-03	-9.069102286323698150e-03	-8.640186423748400305e-03	-1.071462995385842436e-02	-1.624695441217840347e-02	-1.623166771011301870e-02	-1.877414985062801286e-02	-3.124607859608538596e-02	-2.645526390747402271e-02	-2.091661558627811238e-02	-3.337181363144422347e-02	-4.900784152539926219e-02	-2.540458322967324711e-02	3.633052875000325563e-03	-5.623771097372223110e-02	-1.097894246056438233e-01	2.673409820244742607e-01	-2.017624180915436882e-01	1.657534731048599386e-01	-4.075019171343656488e-02	1.793499953303378733e-02	-3.999187808895827458e-03	1.172724476582816819e-03	5.122466350028385615e-03	1.488592120589496024e-03	3.908785103166098618e-03	2.411426378625912675e-03	-3.705458666094516799e-03	-3.811441251916809943e-03	2.074004914851969653e-02	-6.073067274637081875e-02	-1.727381970336127337e-01	9.978285790845022873e-01
-4.617338951417269965e-03	-6.401044998007477706e-03	5.476706180719660179e-03	-5.838779711793656672e-03	-5.412706806795391547e-03	2.933781340557792359e-03	-6.922139241552584255e-02	5.386406963128303332e-02	-4.526750135400254837e-01	-3.681743297182786367e+00	-1.502031112739287444e+01	3.466480042543589768e+00	-2.762596222890030817e-01	5.356984789167290595e-02	-2.483245923110194431e-02	2.129134888414796131e-02	-6.721662823757010297e-03	6.373566470790959816e-04	-2.322574094534832537e-04	-9.558032723467997042e-04	1.342646019048962785e-03	3.566485514575155804e-03	-5.678169294718126911e-03	-8.356330275707989780e-03	-8.036951633925646862e-03	-8.729743669587402763e-03	-1.213222193318169544e-02	-1.448146508919404170e-02	-1.278149208504628445e-02	-1.606349003034547931e-02	-2.492155284330231993e-02	-1.896914023281860012e-02	-1.436092366568089869e-02	-2.575204089941022026e-02	-3.576962834381657713e-02	-1.828978727245073738e-02	2.160134911069863835e-03	-4.846377416876845867e-02	-7.986619500122768556e-02	1.835206004751434583e-01	-1.265576867050258458e-01	9.937753785742936552e-02	-3.528626984111504772e-02	2.481494118363290063e-02	-7.506393901118240883e-03	8.076622749007304411e-03	1.810561862236822767e-03	5.347407581585458813e-03	7.560231079588249775e-03	-1.886035507846507784e-03	-4.316382867546505672e-03	-2.467603571819586544e-03	-3.999087632165213534e-03	3.963461384365819275e-03	-1.064948150109291947e-01	2.466928691804133877e-01
-1.229677620159798064e-03	-2.581206769262398958e-03	-2.650857163399938932e-03	5.837232986762465499e-03	-2.208061430341781706e-02	6.148350478207017730e-03	-7.784831934901753625e-02	-4.576339636520081883e-02	-1.474178777983031485e-01	-4.506925429791102111e-01	-2.705408438033530594e+00	-1.509140322258409483e+01	-1.491086711279905330e+00	2.142929251950503600e-01	-8.552965366869978714e-02	4.488531468355465293e-02	-2.242817494420589267e-02	1.188639592396177093e-02	-7.742163360632412644e-03	4.106971247544051289e-03	-2.496696226217033025e-03	-1.082635119104653851e-03	-2.082873688491591272e-03	-5.310287942266771026e-03	-3.548625274499412913e-03	-2.286853936486249808e-03	-6.226334026877677202e-03	-8.784217063558429767e-03	-4.088662250704306125e-03	-3.050310521713163209e-03	-1.235867423101403434e-02	-8.599179913950602896e-03	6.723374277822822100e-04	-1.369095514061208826e-03	-1.569727181974688024e-02	-4.499084247929881902e-03	2.344305112783691414e-02	-1.436877484665330211e-02	-6.446204908094095576e-02	1.346643063222670578e-01	-9.649799244561528544e-02	8.592198720708185689e-02	-3.217749043680590004e-02	2.089161131325899257e-02	-1.450892919479529475e-03	4.781292244360680482e-03	3.828239938704300262e-03	9.505947552263646974e-03	1.039190181181289148e-02	1.129026789372806041e-03	3.158602104246185406e-03	-1.143262962274661960e-02	-5.971598074720253259e-03	1.730140029344716737e-02	-9.945227172674084293e-02	2.024797139454215245e-01
1.233013711073993992e-03	3.149173430126022376e-03	6.221175293789602684e-03	-1.319297616728963909e-02	5.126791791446726199e-02	-1.005536314746575260e-02	2.818090925404519442e-01	4.780018946464584806e-01	-4.303031424015159701e+00	5.923801627618898724e-01	-6.523893258791525485e-01	-7.668630999140358284e+00	-1.499146473278973879e+01	-1.339959939138579914e+00	2.049496644163245340e-01	-1.051003979981609965e-01	4.262672148981857395e-02	-2.278661544724684337e-02	1.321380881764077850e-02	-7.090229234202689336e-03	4.320675763973575757e-03	2.512528738077278966e-03	2.545646972428362593e-03	7.087109609759858347e-03	3.708386675777563396e-03	1.568436048354774704e-03	8.242531680889234741e-03	1.101876557051627813e-02	2.257724177283311744e-03	-1.256844876683942038e-03	1.342180702946516903e-02	5.878294294221533475e-03	-1.026715667092517777e-02	-1.742245443887151593e-02	4.657121424273974637e-03	-5.307832013156992164e-03	-4.292288863825860501e-02	-1.548381422844188719e-02	5.122963649342198583e-02	-1.074799330398752556e-01	1.265733169508698464e-01	-1.608659589657556732e-01	7.303554436373554948e-02	-5.562268315124144907e-02	8.289633815212920850e-03	-1.202408637794010957e-02	-4.249526881578418770e-03	-1.501316221882798702e-02	-1.695526157451236401e-02	-7.416181693669880856e-04	-4.709454433642830916e-03	2.096360204184514672e-02	2.791607322415036105e-02	-1.059574321953379583e-01	2.961034307434383672e-01	-6.210861092425946639e-01
-4.174898716145335545e-03	-1.994378145932425642e-03	-1.218550070655794598e-02	6.246180453130126785e-03	-5.230166393572508593e-02	-1.286374664417815061e-01	2.403234134210030237e-01	-6.071023903257461996e-01	1.215344711163519609e+00	-1.203653158982907895e-01	5.492995079782005824e-02	4.081234418486600624e-01	-7.994495404950176187e+00	-1.505533843575840969e+01	-1.137725672656450193e+00	2.187545033108992121e-01	-8.494870560159825668e-02	3.538621205270151698e-02	-2.008217126875583985e-02	1.179164243327135778e-02	-6.738403580319389345e-03	-2.519613163529131183e-03	-4.574811663192097401e-03	-8.136551062988500380e-03	-3.184671957962028309e-03	-2.690203199278536766e-03	-1.206657610322454076e-02	-1.081938621035907072e-02	-4.494990821690983082e-04	-2.991623270642206024e-04	-1.272754713804860952e-02	-5.090448736356984524e-04	1.584428115093202902e-02	1.850578087756080473e-02	3.104859942813036587e-03	1.002797783133332551e-02	4.296016162044333925e-02	1.223929663266624598e-02	-1.911646811467772669e-02	3.470500780416573700e-02	-5.135979446475196636e-02	7.374606878925986375e-02	-5.557745615003905487e-02	6.038988609676385066e-02	-1.758611396552415412e-02	2.231525071905383559e-02	-2.072837824082747037e-03	1.368392198434673079e-02	1.591437870341932959e-02	-6.809245302738338099e-03	-3.955049508977164646e-03	-1.972739806017643951e-03	-6.922165565863568071e-02	1.921511452146422161e-01	-1.587512523187232794e-01	1.808594675768845361e-01
6.611857717172926144e-04	3.271629360991206836e-03	2.603660606371341682e-02	-3.808796584880030228e-02	2.403788956203559146e-01	6.501867796691301882e-01	-6.721062594557008829e+00	5.883578305211898396e-01	-2.876309205006790104e-01	3.307899751377920555e-02	-2.917455122491055888e-02	-1.625871131634082367e-01	4.526234682975385781e-01	-8.656568570306195198e+00	-1.502568713508719078e+01	-1.349155401333198778e+00	1.986245570302123675e-01	-8.439247629096373327e-02	3.617832149760790567e-02	-1.759926463893953311e-02	9.548679007295802004e-03	7.304285877133309332e-03	3.047736784544192740e-03	9.455436294103903780e-03	2.522302177975834295e-03	-2.000739719151403001e-03	1.189981534030005138e-02	1.222700986271312365e-02	-3.530030796797870279e-03	-1.512563589284213368e-02	6.727012522192992935e-03	-1.518305664049897710e-03	-2.070896340717495385e-02	-4.223351384157795346e-02	-1.048325016450162191e-02	-4.682079094269478090e-03	-3.027634013418453382e-02	-1.113265180642203540e-02	2.069539595938619386e-02	-6.173724878370431303e-03	3.900402503928014630e-02	-6.812182640497914388e-02	7.541841701657137076e-02	-1.064207813459596558e-01	3.510271536131723269e-02	-4.318448629108692649e-02	4.794114733281530476e-03	-2.149892548088852551e-02	-2.715714508660916487e-02	1.075087791055503658e-02	7.610369512921043821e-03	-3.460618172455876018e-04	1.756827880450507473e-01	-4.613859304138224204e-01	1.666599116373176648e-01	-1.082213272144741667e-01
-1.387710552089856629e-02	-1.709070428986306234e-02	-2.333228784858628127e-02	-1.011528481580859229e-01	4.084837268879523697e-01	-6.907923246156637553e-01	8.511048820255846525e-01	-2.819818776076497835e-02	7.603563743967897692e-02	-9.835418286767674996e-04	2.378485194970338806e-02	5.259721772812483986e-02	-1.546121844047307348e-01	3.913343573959007782e-01	-7.404770157162810840e+00	-1.497364444155555674e+01	-1.291349229485220240e+00	1.792855671954810826e-01	-7.386207312359528709e-02	2.932000632092184381e-02	-1.278741208343299983e-02	-1.948997265756666729e-03	-1.563541384774248463e-02	-2.093540787643511855e-02	-1.098317022578085798e-02	-1.615749470444268962e-02	-4.248302276593050181e-02	-2.672396831842348275e-02	-5.879358149391624398e-03	-1.759872424371497143e-02	-2.581586992944958150e-02	7.011131962487593405e-03	3.370335922087298874e-02	3.429506435854252216e-02	1.786215439213280354e-02	1.997957012388695483e-02	5.069854323082486486e-02	1.005745357732988794e-02	9.574528850768719915e-03	3.503980192924498280e-03	-1.948330507469180073e-02	2.891071575983783157e-02	-5.321256288827428543e-02	8.413906493571624012e-02	-4.645322776134610393e-02	5.803515733528799569e-02	-1.472244083611925526e-02	1.481045640566425875e-02	2.175317105359922051e-02	-3.019859896028919896e-02	-4.818627809968582115e-02	1.056792843772051960e-01	-1.624429236245785169e-01	2.055029648682334953e-01	-5.820485346196935250e-02	2.857506036234448710e-02
2.352319527732003174e-02	2.060056320483143188e-02	1.279178585794811807e-01	7.269879569615823600e-01	-1.144569266552185560e+01	5.052257838902665110e-01	-1.132989395364556416e-02	-3.918265473801006010e-02	8.179359472988322749e-03	2.084132241906532824e-03	-7.625295276706976592e-03	-3.459881124436016420e-02	6.110256830183324189e-02	-1.742116832741410493e-01	4.763298068770740468e-01	-7.800219254733254282e+00	-1.500496284474074571e+01	-1.312235577029089217e+00	2.071209280528284735e-01	-8.469960866567526059e-02	3.332050836966449214e-02	1.896013088121710835e-02	2.072870269212629540e-02	2.732945533454698289e-02	3.306600839814853761e-03	-2.002685283565976398e-03	5.540734843333768034e-02	2.023495032985754907e-02	-2.641710124765273004e-02	-7.595107570633653771e-02	-2.760349669164411518e-02	-2.394417709215395512e-02	-4.205608572210122603e-02	-8.107974132267198319e-02	-2.834752965097547817e-02	-3.225044432732267815e-03	-2.282950241332310296e-02	-7.262812183359034987e-03	9.886856227186971782e-03	1.075728357089355929e-02	7.532324591202949407e-03	-1.277465365584783130e-02	4.694298337481575545e-02	-9.093684832316922817e-02	7.707454335543989510e-02	-1.100420201017690142e-01	3.727642322060507191e-02	-1.412433980458701645e-02	-2.549852066005456330e-02	7.747748184785697989e-02	1.456111126530480193e-01	-3.982711267442493042e-01	2.348446513892453180e-01	-1.212159439880870632e-01	1.153547683302385413e-02	-5.066922201093114128e-03
-1.132415262269349382e-01	-1.047543523276459887e-01	2.769026825424532601e-01	-8.386189421743823758e-01	7.951328807452580083e-01	-1.686626183051343278e-02	1.591934641473554323e-03	1.349361124191473214e-02	-3.911788152049098383e-03	-3.283511303962302185e-03	1.834072469131270899e-03	1.758956673828141956e-02	-3.017508693068911979e-02	6.105668182263320615e-02	-1.553854009211934617e-01	3.843162564299622552e-01	-7.881919521550910801e+00	-1.500837305636276220e+01	-1.369129452654612500e+00	2.542309771243559946e-01	-8.213380606392195471e-02	-8.235336467467446048e-03	-5.293426896678008614e-02	-3.302298252928078520e-02	8.250563318171996383e-03	-1.042593280116336715e-02	-6.723975964013581552e-02	8.950587936493923508e-03	7.825966911306452001e-02	1.335446622807122952e-01	6.215535535731060018e-02	4.078752402758848566e-02	5.278316065280486136e-02	6.941700621948782013e-02	2.458797812145867984e-02	3.159506636738834370e-04	1.669174657154644942e-02	2.693894746549220509e-03	-9.307624864948869925e-03	-7.270708761318420491e-03	-1.956791597220781335e-03	2.874743378747779583e-03	-1.934357533515403474e-02	3.359742901413959731e-02	-4.728431949568363130e-02	6.873504167454813629e-02	-4.108886041340228251e-02	-6.329922412010008555e-03	-3.616309781705374753e-03	-8.696923949358119355e-02	-1.348717002622666361e-01	2.287149540919518331e-01	-7.188309064101827683e-02	2.381276188303635064e-02	2.608421659754333287e-03	1.253872888834826763e-03
3.334645309571896976e-01	8.785014795054892911e-01	-5.477732497831686587e+00	4.024060197996618404e-01	1.267680242146012604e-01	-5.926866652434041594e-02	1.961737173223869132e-02	-9.477423638187531044e-03	8.144441104707666676e-03	2.679489266917567652e-03	1.503920474815478067e-04	-1.075126347398310672e-02	1.524181934480248711e-02	-3.075258934196611199e-02	5.446220412386749976e-02	-1.388711386131103454e-01	3.893536027958039991e-01	-7.931514814560920001e+00	-1.502391643132502175e+01	-2.286559013954613917e+00	2.861482908509794809e-01	8.299450570372948754e-02	1.142815490245749493e-01	3.524345594795025294e-02	-5.957272700159153139e-02	-1.408974647754346332e-01	-2.444304990632464522e-02	-5.310369969105221966e-02	-8.008840902238416326e-02	-1.678181130305532731e-01	-6.919468550482539559e-02	-1.052769068203483760e-02	4.588114312770828242e-03	-2.275464831502963317e-02	-4.806237171320589321e-03	1.298255422337637847e-02	-1.908906122582019116e-03	3.507473140790349966e-03	1.265666064519075165e-02	5.059943257256775684e-03	3.145217535985133782e-05	1.056535138158470498e-03	8.580082727910262608e-03	-1.200789100936245843e-02	4.268171683861485960e-02	-6.514460241988966061e-02	6.163795194140464506e-02	2.568872946148900022e-02	2.342573803532980309e-02	1.318813044142441160e-01	1.785339329455272739e-01	-1.744085878230518527e-01	2.285877245833555296e-02	3.796798159872521571e-03	-9.567600796090111256e-03	1.372332406312909729e-03
-3.574963234712555393e-01	-7.884667793519272161e-01	7.392418309497602591e-01	-8.906002104340549064e-02	6.830383703805975072e-03	1.176451504965580173e-02	4.239685238284703582e-03	7.547841744127402070e-04	1.892613361432283646e-03	-4.021682570435688650e-03	-8.334350904193442043e-04	4.919205253204430792e-03	-8.881092712377598036e-03	1.376128203813750846e-02	-2.420978526894322982e-02	3.150776487001442916e-02	-1.335853177925763469e-01	3.658309506409864742e-01	-6.643381525539167498e+00	-1.504661072423334112e+01	-1.358167611310666878e+00	-1.649388728330843934e-01	-1.095867533673915012e-01	-7.894829510958307692e-03	8.827755987289971629e-02	1.977858282284683800e-01	4.137205843319441412e-02	2.107624352531362738e-02	2.589687777829988852e-02	7.790011414884540075e-02	2.810221968016772542e-02	-3.834096048113599421e-03	-1.322516608659713268e-03	1.068880720217482184e-02	-1.517011229492263701e-03	-1.081131351685320208e-02	4.552176366660470007e-03	-7.054192644849020463e-03	-8.176114867004105613e-03	9.160112087682256840e-04	-3.797366206348989481e-03	3.069505132722261283e-03	-8.367582296128687688e-03	9.718803390447696561e-03	-2.394005637534685899e-02	3.396444022417144382e-02	-4.064133226743633226e-02	-2.267277490656238390e-02	-2.440706136242419555e-02	-7.442532085599573577e-02	-8.226834811162782313e-02	7.272282375139155208e-02	-1.782974466845302711e-02	6.728682145427069411e-03	8.997514112235446490e-04	3.210913950349609906e-03
5.172128327497358402e-01	9.991179452884380030e-01	3.088510945293434021e-02	-5.070266881356959299e-02	3.356050406916322171e-02	-1.449889525441506143e-02	-1.021035770705932882e-03	1.859311462514906359e-03	4.533808484035865599e-04	4.323091705044442359e-03	2.249595057716408109e-03	-3.174210530294406703e-03	5.234459275346142054e-03	-9.396720026128463008e-03	1.403889649462541044e-02	-1.968789053926536803e-02	5.206931798172120818e-02	-1.912907738101843891e-01	2.549708436147969937e-01	-7.902366363564625296e+00	-1.501576119711633872e+01	4.157658022832569245e+00	-6.484634401119171443e-02	-4.572366126781376994e-02	7.873167552703465299e-02	1.197134248269167076e-02	-2.586212144893173734e-02	7.815026355837849381e-02	1.080764056120748079e-01	1.825345123040124362e-02	1.278141090388154599e-02	3.428074271408635548e-02	2.652711511136074743e-02	1.046452486063031637e-02	1.359698567811041744e-02	1.662431631717004379e-02	3.631155208596990001e-03	9.847705819109322037e-03	1.056829246362431078e-02	-2.818493734021070528e-03	4.188988027163228524e-03	-3.030375735965576758e-03	4.162905431778487694e-03	-1.271199491701706244e-03	1.448214126462279636e-02	-2.061971050951529397e-02	5.153311964452914062e-02	4.324926316545542326e-02	4.550117909693605911e-02	7.862543713482338104e-02	6.122683657469626256e-02	-2.682604933277230388e-02	6.151563630072920570e-03	-3.039385258879259526e-03	-1.466428411643537055e-03	-3.025372593290337996e-03
-2.053922643527707759e-01	-1.803932842732218211e-01	2.033868671478889223e-01	-6.275375467912291949e-02	2.892793197547853176e-02	-6.009211496566140183e-03	3.776411211734911639e-03	3.549029811884511863e-03	5.750617733012995322e-03	2.839696002287249877e-03	3.692237489431941279e-03	-1.478028950444114408e-03	4.238045957222966436e-04	-3.240075235075030001e-03	2.321655822160982249e-03	-4.919713587021837427e-03	-1.191108756884502523e-03	-1.963352224555649228e-02	-7.898023489459843338e-02	-3.861933942555402788e-01	-4.313666465738063671e+00	-1.506642042019328898e+01	-1.384512107725653252e+00	-2.132816681774802603e-01	3.408440882300666219e-01	4.105223282477323821e-01	7.876059783163348593e-02	1.215176845199147371e-01	1.386483169003867311e-01	6.773312366030742604e-02	3.983579347652933117e-02	4.988970602554124167e-02	4.261695857399769305e-02	2.489213270772734285e-02	2.225873769338995029e-02	2.286496003510490177e-02	1.254102062031407609e-02	1.097169225161071134e-02	1.397912731482699004e-02	-2.325683646380693158e-03	9.992911578938108979e-04	6.192973709935850179e-04	-6.973057796505652620e-03	1.339385822814875837e-02	-1.303080898567001399e-02	2.198150339599060088e-02	1.290641932418153288e-02	3.593635040434556283e-02	2.787720537944140750e-02	-2.035530548598562389e-02	-3.357767981438630756e-02	3.768386619114232061e-02	-1.181495588675872052e-02	4.174457470086712953e-03	-3.545508188123304427e-03	8.337515829893040831e-05
1.372922398942047761e-01	1.829033348188239538e-01	-3.765002004476729058e-01	9.481724900742084794e-02	-3.366794414847031763e-02	8.491852196827143163e-04	-3.811159874115902218e-03	-7.061812615691808077e-03	-9.414826003497973883e-03	-3.150422371798056696e-03	-5.549544639012050744e-03	5.962471676041727810e-04	2.426639532161732615e-03	3.978913126686169522e-04	4.150241543838938119e-03	-6.392631782161862369e-03	2.998047662549954348e-02	-3.250090484499072729e-02	1.596276578497916321e-01	2.124032927794228254e-01	-2.698259479293103058e-01	-7.223387695330614200e+00	-1.502184665648724682e+01	3.567152528784728993e+00	2.740592498029708057e-01	-7.754452252136500690e+00	-6.886210449436059866e-01	-4.386905219942741074e-01	-4.769927663321877898e-01	-2.584485732733401986e-01	-1.206171444292412492e-01	-1.175069752095019154e-01	-9.989318054995349749e-02	-5.947622299963902653e-02	-4.429943995974233023e-02	-4.076934688618102237e-02	-2.633221408119221577e-02	-1.639476773346250360e-02	-2.225575500675851942e-02	2.828413933315925954e-03	1.087633988312002725e-03	-3.410401168924666326e-03	1.692055890437573623e-02	-2.848155289798991879e-02	2.883933172005382142e-02	-4.733134103329189601e-02	-5.972129073364130375e-03	-3.658980134276029750e-02	-2.038708373571816029e-02	5.026107103672772247e-02	7.350387800743080069e-02	-8.614051632742115994e-02	2.616695218599382824e-02	-8.111672323173963611e-03	6.094719732573556682e-03	-1.462301902687383444e-03
3.547574256966146145e-02	-3.405766601140261876e-03	-1.265197911564186206e-01	4.530816393214951582e-02	2.939695983278452218e-02	-4.646604229445364803e-02	1.938447096235362127e-02	-2.551979985789928906e-02	-4.123622653282664474e-03	-7.300309805984755984e-03	-1.077715267787326611e-02	-6.372116645090022784e-03	1.087562951570556630e-02	-1.134983441104064211e-02	1.912811760861224744e-02	-3.907188330027605572e-02	5.108394309707015024e-02	-6.227676115026840875e-02	2.452887319754004300e-02	9.992607577160996651e-03	-1.358064500760522153e-01	-4.803712780679759153e-01	-4.238583313096806471e+00	-1.501680545973214365e+01	4.043107027408570531e+00	2.011925042807495068e+00	-1.207261297641155018e+01	-1.508314858809065795e+00	-5.252594956053621145e-01	-5.652352414545347425e-01	-4.105218506591604699e-01	-2.144326113121846900e-01	-1.449107961590511140e-01	-1.197638290570045838e-01	-8.744974423837173494e-02	-5.677456478965352965e-02	-4.732913179912211915e-02	-2.684258503648238869e-02	-2.881440853197290985e-02	1.514136356164209885e-02	-5.857046601486300304e-03	6.223727796328648067e-03	2.361793755074372697e-02	-3.357769638960829417e-02	8.687263886678803226e-02	-9.049907265442809490e-02	6.101704512399268310e-03	-5.063103248678300916e-02	-4.819148558225903184e-02	4.689697859797515439e-02	9.943017063634310149e-02	-7.282671513125132945e-02	-8.704352763981194549e-03	1.965762856733992842e-02	-1.016615536552005136e-02	6.433994442386904190e-03
-2.022255044874742350e-02	-7.277290106345087051e-02	2.824819166737430054e-02	2.303612586714874969e-02	-5.562804862153513264e-04	-1.012016486852030175e-02	1.601753550510810406e-02	-1.949834086968218680e-02	1.276835458672685155e-03	-1.064353329952909266e-02	-1.063450054952413092e-02	-4.351878395622114926e-03	5.067160819319080703e-03	-2.768439511294507310e-03	4.562691406392432522e-03	-1.213246678699351176e-02	-1.331574164306957425e-05	2.952558064516418168e-02	-6.420285438844573755e-02	9.504232706037975958e-03	-4.236196127218005286e-02	3.257478618985767266e-02	-8.228894420965561229e-01	-4.657671661165306176e+00	-1.502620277111094893e+01	2.730257542461063558e+00	1.945962723519752524e+00	-5.264543487755652507e+00	-4.461012630193209039e-01	-2.808190302878048605e-01	-3.883601607466707906e-01	-3.425218194437842922e-01	-1.525661605500948370e-01	-1.199740585357529088e-01	-1.143628780467780132e-01	-7.756312352341000749e-02	-4.762754956565831699e-02	-4.341960363593568017e-02	-3.513784188544546994e-02	2.333082946655029577e-02	-1.748707080654527193e-02	1.440376762901811845e-02	1.870334608580739161e-03	-1.008176040713257803e-02	1.682967871249769001e-02	-1.033754074920845319e-02	-3.341332224866800510e-02	-3.711519677900271263e-02	-2.663718712088359447e-02	-1.381495505951549872e-02	-1.201079606921446122e-02	5.250761184615706026e-03	-1.486448762665679851e-02	2.090928077510508312e-02	-1.018406603108915412e-02	1.138215670902558568e-02
-3.436230015431132601e-02	-1.072757026340364350e-01	4.608020721602738151e-02	5.629610861049392373e-02	-4.462777276235941476e-02	1.307985370582679698e-02	4.227363124824839308e-03	-1.325307565039848812e-02	-7.689248501629023999e-03	-9.145304650439918873e-03	-1.021180620069536693e-02	4.240508429893853084e-04	1.567530147816215786e-03	4.416691516768849433e-03	-1.795466898529715812e-03	-4.278702831379536291e-04	-1.081107914720313284e-02	1.059579055817490151e-01	-1.564562309553945429e-01	1.658012358417473376e-03	-3.046044955502222838e-03	5.042155738061977477e-01	-8.164784460239592478e-01	-8.010877795121508216e-01	-3.768038905280845174e+00	-1.501964214629548344e+01	3.341063181519907221e+00	1.713945940129101730e+00	-9.091001504256007948e+00	-8.111223764258004287e-01	-2.980007657098595053e-01	-5.275760031232908931e-01	-3.856937391628586509e-01	-1.733384057764134623e-01	-1.293919868987633559e-01	-1.185458573545061234e-01	-6.209955681723182408e-02	-4.668881355862092297e-02	-5.033814141632832889e-02	1.162473804662671716e-02	-5.262299058454675792e-03	8.555702678287683280e-04	1.415847753647444737e-02	-2.546575907649993240e-02	3.541827237960247423e-03	-6.415906333327556395e-03	-2.861989199463386979e-02	-2.859561514421551584e-02	-1.702020472152506944e-02	-1.499175196196519434e-02	-1.654296790848493182e-02	-1.938523030712377762e-02	1.772885667818743100e-02	-1.654131561517370235e-03	5.844640947504972824e-03	3.678007131706582770e-03
-2.897665278514871198e-02	-1.161063107266067929e-01	2.236609875344931081e-02	1.787921032268712518e-01	-9.080841505378238476e-02	6.637693196849567961e-03	6.940617994325353445e-03	-2.470858042258164758e-02	-1.901737163580694001e-02	-8.562522748725834298e-03	-1.363956193185738609e-02	-1.928986224496365229e-03	1.001741977261500285e-02	-4.503320244986949022e-03	2.027638935693645145e-02	-5.086759135630412876e-02	8.883681966202724989e-02	4.030948085577193418e-02	-1.111418066050571390e-01	5.009096007789289040e-02	-6.492062924827526893e-02	1.500996541143342355e-01	-6.628285188522662352e-01	-7.788757609073628796e-01	-5.749800978490280379e-01	-4.347631875781704736e+00	-1.503008719822287276e+01	3.701981174678035558e+00	9.987888588512758847e-01	-6.616722760152494942e+00	-6.179523166635986220e-01	-4.286825231918516277e-01	-4.994664207529993516e-01	-3.098186903313646656e-01	-1.511707839702000344e-01	-1.142436863965785726e-01	-8.978595996303880000e-02	-3.747897465469907791e-02	-5.900211130092358064e-02	5.751944107924031845e-03	6.234359194605729182e-03	-1.034209364410277124e-02	4.186796821099603161e-02	-7.042377972775189232e-02	2.178279757467433894e-02	-3.147071019095022681e-02	-3.113777575382254900e-02	-3.403253107383275716e-02	-1.841671987755068296e-02	-7.128950815071976276e-03	2.164100849928108760e-03	-1.413629939393391266e-01	7.648487519082852737e-02	-2.047865929269802182e-02	1.689045284504781322e-02	-1.913536806311185758e-03
-3.399480809770081408e-02	-8.600969260977744946e-02	1.201798138423999240e-01	1.397480296619643680e-02	2.616147304170347854e-02	-4.220120127108158842e-02	5.055815018504687675e-02	-5.567078887238494089e-02	7.441938987778942130e-04	-1.970895709460552397e-02	-2.194346071684264918e-02	-1.304284369314157727e-02	1.806079464664414602e-02	-1.643391029410385534e-02	2.352946265608113832e-02	-5.046548141152933098e-02	1.268705382073597419e-02	3.782869263301798929e-02	-7.317640260247711137e-02	-1.377663398594207791e-02	-6.417619577489066824e-04	8.831465349433187395e-02	-3.183839823678526471e-01	-6.903832205082077733e-01	-7.544741658651941130e-01	-8.428857981248514264e-01	-4.410877017586384952e+00	-1.506625773893040154e+01	3.477239664688023257e+00	1.093805732768196259e+00	-1.050932182732386444e+01	-1.203690679120529516e+00	-4.307883120534466981e-01	-5.496096915273190886e-01	-3.942590616946172744e-01	-1.651840811103458262e-01	-1.393085013277658157e-01	-7.575183686607429856e-02	-8.116758672126520024e-02	4.652828309276522967e-02	-2.075258472686800082e-02	1.874241183029296334e-02	4.806364837962615738e-02	-7.178161706804712938e-02	4.778161547061445663e-02	-2.322448453614569738e-02	-3.840120854654967969e-02	-3.802892516011961016e-02	-2.637494118787323330e-02	-2.220142701314770442e-02	-3.516344737726835590e-02	2.320567193639375830e-02	-1.826437408319814965e-02	5.985641013469874400e-02	-1.997264638476446696e-02	2.124421692284428342e-02
-3.736628325701490949e-02	-7.472259617021977107e-02	1.175148214529422447e-01	-1.961726272919724762e-02	-4.586491039034322481e-03	1.731208610944096060e-02	1.765311356321979872e-02	-2.127075455424026762e-02	2.063493854718266227e-03	-1.882765102446062877e-02	-1.708589337410165374e-02	-3.684665806202502489e-03	3.149941189473016989e-03	3.415283038967046030e-03	-3.918010534751580239e-03	3.652339817519765098e-03	-3.598941382365873631e-02	4.318714556607397559e-02	-6.372881984624748086e-02	-4.263957341682980684e-02	2.864224863040445296e-02	1.150565054265506454e-01	-1.952722861509891272e-01	-3.246159486038929232e-01	-6.445289032356729120e-01	-8.287141232207676511e-01	-8.188017269515889263e-01	-4.371418950182230034e+00	-1.501197780870157672e+01	3.759042177657843098e+00	1.824204889800656648e+00	-1.064605880396960025e+01	-1.247084557518173487e+00	-5.503651867926609986e-01	-5.881328569099654180e-01	-4.227099068001615723e-01	-1.751267146011695475e-01	-1.418989476750754652e-01	-1.165798245834916563e-01	4.272610730650890087e-02	-2.559956049549125950e-02	1.348584011156658650e-02	5.087500082575448224e-03	-1.082053822038028627e-02	-2.457530864348959551e-02	2.381471423500926277e-02	-3.033812215617554681e-02	-1.690180190840460950e-02	-6.462551006601746466e-03	-2.705497784119979821e-02	-4.868568903462624359e-02	4.904629399353875596e-02	-3.571701839109004111e-03	1.618302613891563213e-02	-1.018355756744377966e-03	1.582676466047559100e-02
-3.839182848512043972e-02	-7.790040955608881768e-02	1.452287612539447381e-01	-2.730478937472350515e-02	-4.997816863476182980e-02	6.367983828647695577e-02	-5.423758925496274114e-03	-6.287160936555406983e-03	-1.664278235947715817e-02	-1.584169395844597580e-02	-1.691582752943448370e-02	6.743788403719583498e-03	-4.632386428260135310e-03	2.227967125102625970e-02	-2.287189250937122012e-02	4.190660705694926325e-02	-9.765438909401892575e-02	1.063202477967691156e-01	-1.048195599571734166e-01	-2.588122334343369649e-02	1.039672565157558591e-02	8.606325030067617232e-02	-1.446014983886609040e-01	-1.907438238981153944e-01	-2.702924395871617036e-01	-5.988355374876600523e-01	-8.012656938829110231e-01	-8.506242078678093455e-01	-4.498595334964361037e+00	-1.500354796852569805e+01	2.637858776046361431e+00	2.276973699024582576e+00	-1.060237342725987908e+01	-1.125899994091821732e+00	-3.505067400100531638e-01	-5.017153293920223467e-01	-2.707162135006352943e-01	-1.224779541829181806e-01	-1.560335098840303636e-01	3.312657340342373743e-03	4.730205520693747147e-03	-1.118994475354604182e-02	1.048886013795744844e-02	-8.586946664971733742e-03	-4.168378599707046189e-02	3.519679797039096392e-02	-2.557467047431376955e-02	-8.723177002897423982e-03	2.619698150140569847e-03	-2.828384231108102206e-02	-5.765612658688831077e-02	6.300550737637809762e-02	2.009049404165608524e-02	-2.587635862566562556e-02	2.707589408532899006e-02	-3.417372466760067130e-04
-2.999949070218815156e-02	-5.924968577622768962e-02	9.870127628497726846e-02	-2.168831081778765588e-02	-5.562887769791691195e-02	9.209594450400863941e-02	3.698302353716440005e-02	-5.359654032357630965e-02	-2.299246188944371883e-02	-3.332343370284379658e-02	-3.687118574004519950e-02	-6.785231181805763227e-03	1.771210406378301294e-02	3.390444230932636565e-03	7.454181765208408618e-03	-4.616392071544367197e-03	-6.525961177820654990e-02	7.979262346335797007e-02	-6.180240707316172338e-02	-1.648098606295263528e-03	3.811139838787915165e-04	4.340043356303419086e-02	-1.003240220935922439e-01	-1.544660357568888587e-01	-1.640698718311232318e-01	-2.646571325045634082e-01	-6.048184904679980711e-01	-8.220941738139189159e-01	-7.235606274087996725e-01	-3.914487676858259046e+00	-1.505547381930622208e+01	3.840035821594364407e+00	1.821967939540188652e+00	-1.097920116933351053e+01	-1.311202461985192080e+00	-4.662603934544126694e-01	-5.734431452384691763e-01	-1.729165601329284707e-01	-3.200818182315104399e-01	2.832742678302309011e-02	1.676391430336556659e-02	-2.501178930778782256e-02	4.731676175188941763e-02	-3.836286566484434918e-02	-5.993720147409641041e-02	4.505134746329035600e-02	-2.567446508583971082e-02	-6.944637341960903203e-03	6.043956581405722679e-03	-2.621599863421955612e-02	-6.273133412091921879e-02	7.435313021140664558e-02	5.411175020002636366e-02	-3.863140756669840303e-02	5.190152041895318424e-02	8.029300647830032306e-03
-2.573605364785725574e-02	-4.179286223894317781e-02	6.574239199255710320e-02	-3.266328071079986628e-02	2.114705073875288409e-03	3.150756263287610853e-02	2.133203375941912852e-02	-2.983644388146599810e-02	1.591716618756655252e-02	-3.912247101011625400e-02	-3.278613764689550930e-02	-1.260174931991402125e-02	7.763369198209059407e-03	2.001791023998859484e-03	-7.333482746684368524e-03	1.990145294188493119e-02	-3.936312056718140745e-02	1.597888259718614756e-02	-2.071467015792436556e-02	-1.388923487041993608e-02	1.050473364929136420e-02	4.140819979115422517e-02	-7.365664084464920713e-02	-1.183246196016641272e-01	-1.493511318293472834e-01	-1.821641558074968137e-01	-2.966988400504583789e-01	-6.849389452546836843e-01	-7.878890931278613730e-01	-7.096377195330516585e-01	-4.546315455091464841e+00	-1.502058050921340637e+01	2.841576657356481128e+00	2.108537839712673723e+00	-9.682036584104988464e+00	-9.633367022315840744e-01	-5.915297605829823446e-01	-4.772846252628148989e-01	-4.108100492387758984e-01	1.564086766314133070e-01	-7.055329773292497164e-02	2.858936480047305495e-02	5.904425756754343472e-04	9.163634380692670459e-03	-5.246291185774555610e-02	3.789708444928904796e-02	-2.269190401708853083e-02	-6.874030426953955421e-03	2.428643752085944598e-03	-2.254316629189170168e-02	-4.598855978162614405e-02	5.569067782686187851e-02	-6.674848782845936232e-03	2.205170518578039932e-02	-1.427252393539962501e-03	3.853496311845133054e-02
-2.427031167510801737e-02	-3.634725052953029917e-02	5.943250836085733207e-02	-3.584125489930908848e-02	1.160689478157185019e-02	2.501041684664215281e-02	-5.222992325666599676e-03	9.807662999646433316e-03	6.364497345963455142e-03	-2.092143818267670763e-02	-1.639364226686026646e-02	5.125812348765313060e-03	-1.076665674334805270e-02	1.691525678840385613e-02	-2.167081939828244264e-02	3.183629689427219800e-02	-3.886736836028405195e-02	-2.505543691281220901e-03	-9.170412782092992113e-03	-1.898628581482223257e-02	1.324704920012915316e-02	4.133039117513331168e-02	-5.897859250587924457e-02	-8.188761632209236307e-02	-1.140298029781599831e-01	-1.577285714918384429e-01	-1.918691507223551362e-01	-3.357845960680754804e-01	-7.625068476579608401e-01	-8.221215903368180866e-01	-7.784652001376548558e-01	-3.963341733877690842e+00	-1.510225604174243763e+01	3.659658619529328583e+00	2.031172842611575380e+00	-9.279070356409265585e+00	-7.646637634434753084e-01	-6.470800671711716134e-01	-3.169806252025691440e-01	3.050823819285381627e-02	-1.492624096943044772e-02	-1.714460154476952450e-04	-1.717364977216858171e-02	2.400950601123519670e-02	-4.098061416789571670e-02	3.135182332365828162e-02	-1.519000907960240190e-02	-1.471567712695203648e-03	5.332689937743826866e-03	-1.889507619838327532e-02	-3.589330368928247972e-02	4.329989375799946777e-02	-7.335961364165346534e-03	-7.812516222574844224e-03	1.215126765469768527e-02	9.093661703933926185e-03
-2.037299298977291243e-02	-3.221743064224660835e-02	5.061308248158048750e-02	-3.398035904630713339e-02	1.890967191975510050e-03	4.538729747886414284e-02	-2.923886675503983845e-02	3.162368158072061120e-02	-1.857600022856398247e-02	-2.216163098609253215e-02	-2.389554970874709430e-02	2.397142162865694912e-02	-2.615626014149946554e-02	4.958222829359851258e-02	-5.133715619317461704e-02	7.051766779195105250e-02	-6.784727457122467775e-02	7.844132734021715125e-03	-1.573883782019941738e-02	-9.817239167409477080e-03	7.058904101370612819e-03	2.879801835976021629e-02	-4.491895975431436927e-02	-6.179377061131734877e-02	-7.505815094597659276e-02	-1.099893052620390527e-01	-1.515239985043538018e-01	-2.038350284431771908e-01	-3.568533025596855590e-01	-7.296272567466258741e-01	-8.002865581139186890e-01	-6.906944310945714038e-01	-4.421024578836763474e+00	-1.499308469463115401e+01	2.806444825460443937e+00	1.798840172557081951e+00	-2.476610078160569106e+00	-2.196742890151145433e-01	-4.144547423827191213e-01	-6.836158653999113710e-02	2.896661019698548029e-02	-2.370037540208571811e-02	-1.756957714802694082e-02	3.050302092977914131e-02	-4.197804789156321659e-02	3.127530284081183470e-02	-1.087262874238823472e-02	1.893255199785395847e-03	8.718129867964094504e-03	-1.571596574289416820e-02	-3.284572886033904765e-02	4.077526038873895142e-02	-3.948070865708560966e-03	-3.493517545297433746e-02	3.507226127229452761e-02	-1.178597742969540382e-02
-1.685039651949689007e-02	-2.530603707236815311e-02	3.673729058226261196e-02	-2.676688045584154491e-02	8.189016866045468980e-04	4.254630428812073567e-02	-7.225062206708420323e-03	5.361902783108395826e-03	3.851027549432119515e-03	-7.429675993904068243e-02	-7.096899676267985624e-02	-7.376516831590533042e-03	3.960594594861924916e-03	2.310321648376767109e-02	-2.270152031421634672e-02	4.149495886582066362e-02	-3.594118864434703992e-02	3.492843089871040547e-03	-6.870673154955470215e-03	-7.828007575125412246e-03	6.700457465624886678e-03	2.193234974748292654e-02	-3.494144764481645765e-02	-5.091971254394914853e-02	-5.892793118747283870e-02	-7.442143082726407344e-02	-1.089933218716111762e-01	-1.640478471518722892e-01	-2.073148272509355572e-01	-3.342453073654532703e-01	-7.427228100267307953e-01	-8.008137553258245500e-01	-7.287894153761877991e-01	-3.887872678489916023e+00	-1.500663010339242476e+01	3.545209169667573601e+00	-2.008448291327628255e+00	-1.219861342976859442e+00	-6.629244579537235893e+00	4.296682809140219689e-03	5.976335889751305253e-02	-4.197466953083925367e-02	-1.228673277102086160e-02	3.114012657230742082e-02	-4.440351253762161998e-02	2.918062828801092079e-02	-9.831897200410857213e-03	8.859967939117282480e-04	7.241799664557925335e-03	-1.335354658881267309e-02	-2.852641240812655785e-02	3.109691411691340932e-02	2.549909025016815385e-03	-4.237406215784626784e-02	5.857660538750886908e-02	1.512623200987395916e-02
-1.481278406044158648e-02	-1.933036458130979462e-02	2.861735915195968288e-02	-2.348377159696135585e-02	1.074534595281116493e-02	1.144579853512918237e-02	-8.057435801773472211e-03	1.769053521266713766e-02	2.321300678006142995e-02	-3.910105993461910484e-02	-2.997418934331760529e-02	-4.353897827630524679e-03	-7.090665160464210831e-03	7.602974151660103069e-03	-1.181464554827811077e-02	1.898790698511896788e-02	-1.313438071736781204e-02	-7.794489363298825850e-03	2.454606820547503877e-03	-1.034618922977142107e-02	8.852547140616177229e-03	2.102561027086794973e-02	-2.846452780059374396e-02	-3.921061976809926686e-02	-4.965889699883201808e-02	-5.940154727540722379e-02	-7.314025715880566325e-02	-1.172116174311014641e-01	-1.683391820182327803e-01	-1.945779600204021187e-01	-3.399601554492015509e-01	-7.056256956325018814e-01	-7.605040678150715161e-01	-6.460083987772355929e-01	-4.486283528077914085e+00	-1.507444317154452840e+01	5.312118992278525020e+00	-8.800036740167195504e+00	-1.759727909022437975e-01	1.156930099605418955e-01	-3.210306746198039046e-02	5.897256252535389761e-04	-2.664279741991898084e-02	2.942130628935217887e-02	-3.266144525465988074e-02	2.259450595700912903e-02	-9.207256909015673965e-03	-3.149488004270173717e-05	4.471733065224956817e-03	-1.195926083175897874e-02	-2.204443011304499378e-02	2.388490209904080633e-02	-7.437499747327341697e-03	-8.344430116988956619e-03	8.545585916201381763e-03	2.122341383910794285e-02
-1.224320457113236074e-02	-1.480092283708942837e-02	1.938877895127094977e-02	-1.860887557798505260e-02	5.235877686061755042e-03	7.837470692077372000e-03	-2.720481173667722852e-02	4.411081974358876945e-02	6.637585384190107345e-03	8.757532070999154636e-03	1.283312489497971144e-02	2.449227581715414728e-02	-3.171431533804815184e-02	1.914992454477689940e-02	-2.388817752011283477e-02	2.778006979299641258e-02	-1.747977892359156224e-02	-2.614967005893936106e-03	-2.271869559026293284e-03	-3.306958721620095742e-03	2.815364447123482224e-03	1.361505128906070200e-02	-2.144673319862767588e-02	-3.038080414783795452e-02	-3.473991214623522311e-02	-4.298576638087448637e-02	-5.561206349363656543e-02	-7.965743222135081292e-02	-1.113771227219094578e-01	-1.456153767460082460e-01	-2.073832397669015670e-01	-3.241698310563557728e-01	-5.826324653785888152e-01	-7.472528527061250703e-01	-1.037082587767726549e+00	-5.092222081810112044e+00	-1.503679242081334877e+01	4.990704718116063532e+00	1.165191003831938632e+00	-9.994283358936385808e-02	1.987248390872162901e-02	-9.251988116499793371e-03	-2.820378490503806443e-02	3.089353321588255916e-02	-2.496248469403094389e-02	1.939497791581926839e-02	-4.224769768251024175e-03	4.916866062296905253e-03	8.493644571137078450e-03	-8.802636532374044989e-03	-1.595152888977216868e-02	1.446537796435651974e-02	-6.566052041828494834e-03	-1.408481331017636881e-02	2.160263181112769253e-03	-1.573772243948299773e-02
-7.707540082126722661e-03	-1.315456687229051361e-02	1.828132869762733731e-02	-1.126043263913446314e-02	2.990985105278143666e-03	2.082217863539771036e-02	-1.505673195526258806e-02	3.482998274107272640e-02	-1.011177798825313445e-02	-6.169154115261492322e-02	-7.712055433930743720e-02	3.476632282468754970e-02	-2.706735170461202836e-02	3.277364067010196669e-02	-1.807555973543100922e-02	1.738155628618317725e-02	-9.742727164842793566e-03	-5.017753995256024092e-03	2.409677664953686557e-03	-8.330103736249856380e-03	7.406477394974577202e-03	1.223030453198160200e-02	-1.481656440547861157e-02	-2.139881691985004789e-02	-2.830120675381448542e-02	-3.088193054853403952e-02	-3.453724802340968347e-02	-5.368467630153549858e-02	-7.639679117999996494e-02	-8.963688534789684970e-02	-1.320761196236626966e-01	-1.943970128841024658e-01	-2.837745227128589676e-01	-4.612698793093176763e-01	-8.398949229382260961e-01	-1.177579522452211425e+00	-4.634738054721730727e+00	-1.503957225636338002e+01	3.920774251462185500e+00	-4.374528656511800784e-01	9.791891723907907019e-02	-4.639260268064569759e-02	-1.940747765035800597e-03	9.084777125992810412e-03	-1.601736834573037199e-02	9.632586450401003225e-03	-2.248905701535467566e-03	5.200601399236201398e-04	3.654738864037995489e-03	-4.246083987204876328e-03	-1.069672431233289166e-02	9.016085441837951714e-03	8.138324670548783765e-03	-3.251135273904046802e-02	4.187500162362283590e-02	-2.741214637499229945e-02
-9.889766688509892684e-03	-1.139517310571425655e-02	1.740417045456324474e-02	-1.906390122690888519e-02	1.445471459648863324e-02	-2.342828104522679932e-03	-1.218790287041367215e-03	1.629342333045460944e-02	7.416921986054936244e-02	-1.388309937422860241e-01	-1.081215053055011865e-01	-5.757969428655561328e-02	1.316670159556835445e-02	-1.164128315603094391e-02	5.863555027379348250e-04	6.804727554544193549e-03	-3.620705814643567335e-04	-1.041505337721246489e-02	6.135139552026374656e-03	-7.451241870402853032e-03	6.546577307472416923e-03	1.291872748133005011e-02	-1.568406948981235574e-02	-1.935947295728706816e-02	-2.369530955896255800e-02	-2.944946909091137460e-02	-3.541836740304368791e-02	-4.719204467060406083e-02	-6.208563799023206903e-02	-8.210565233801939145e-02	-1.280021335118587678e-01	-1.543448963796250906e-01	-1.750998659363291465e-01	-3.140988174023484625e-01	-7.712773263669987500e-01	-5.744827720376692870e-01	-1.565012905398975029e-01	-4.214477256912345204e+00	-1.506681448091279840e+01	-7.388124435200033036e-01	1.277930207268406226e-01	-2.451362166939943452e-02	-2.293143624499353883e-02	2.739871761898065791e-02	-2.471412056568454349e-02	1.616813711706622386e-02	-7.538416655482443537e-03	-2.185529667985676178e-03	8.142318197504332285e-04	-9.075435141946103929e-03	-1.615467675175804099e-02	1.928717125294108353e-02	-1.250634649267588425e-02	3.350898927608815005e-03	8.100889371083705437e-03	6.955128391481783801e-02
6.918158768245738065e-04	8.692927859045506203e-03	-9.450411562634361551e-03	-5.308956631519078442e-03	9.662272532444136919e-03	-4.326449030428575898e-02	-3.562673130469648508e-02	6.543348702006350492e-02	-4.977927662975115825e-02	2.149755530889191912e-01	1.778078447967106623e-01	8.872143773586912974e-02	-5.999428905439171261e-02	1.445317035323784825e-02	-1.186457500383124482e-02	3.491093791055624885e-03	6.477437955273808792e-03	-5.877253685677233559e-03	4.818619467766525714e-03	3.417000816967306204e-03	-3.194271166008197035e-03	-2.721250492587766728e-03	5.706655825338340787e-03	1.734906863809933253e-02	2.141688831339466637e-02	1.200224266982263983e-02	1.418222910243237787e-02	4.569950700247850384e-02	3.753363973327709241e-02	1.077360895586503692e-02	7.314238831165727206e-02	1.319002492696773610e-01	3.127416958128809155e-02	-9.197405464059557612e-02	2.376366651325091117e-01	7.330938601622141726e-02	-1.864657817873041634e-01	-8.822172456829830978e-01	-4.883466414336659511e+00	-1.505738163566561916e+01	-1.521412392134959157e+00	3.362836957169935692e-01	-9.248929226995442066e-02	4.534881487992292737e-02	4.214416075571165987e-03	4.590614841583798983e-03	-6.913232360374710166e-03	-2.069643319253532381e-03	-4.617004612380795452e-03	-5.106405590571853198e-03	-5.490810685713038916e-04	1.208694431515425910e-02	-6.141068327706027813e-02	9.101039036890014311e-02	-2.085063216935195973e-01	-7.001386178788741865e-02
6.261133931252944439e-04	-6.515227921788295171e-03	8.201650578338198078e-03	2.752628923724760330e-03	-1.937770986583275588e-04	3.476266118244504544e-02	6.120851053874425823e-02	-1.248285695705677045e-01	2.957513578368665685e-01	-5.790876810678834419e-01	-3.082119642571911622e-01	-2.501890242297039046e-01	1.143451266929163546e-01	-5.458499283795970047e-02	2.530601973903180354e-02	-1.166132778251438920e-02	4.265439385322547733e-04	9.032497559396186933e-04	-1.544822717140652149e-03	-3.662685196586601757e-03	2.859043427209978245e-03	1.129875545406567152e-03	-1.922442900985809949e-03	-9.541459398514822235e-03	-1.220955731192247158e-02	-5.559915604866943334e-03	-5.158157731816132886e-03	-2.284217125814140201e-02	-1.823341901442943752e-02	-3.462714098722010150e-03	-2.740186622621726062e-02	-4.961774013873802847e-02	-1.656334873670300273e-02	2.001127343237792122e-02	-5.778995860359890935e-02	-3.985726665239876232e-02	3.741391191659489829e-02	9.325648077552176063e-02	-1.040334390216363369e-01	-7.402095756399212689e+00	-1.503163613962791878e+01	-1.396492432951234930e+00	1.391255706440779338e-01	-6.693872531605718490e-02	6.192185875297983623e-03	-9.684425660604277855e-03	8.950672186898680355e-03	8.194315148341194772e-04	2.288753844638446132e-03	6.348084958169541471e-03	1.851112860774489039e-03	-9.504416715802543880e-03	6.568534113503382565e-02	-1.048954405202269652e-01	4.818249523195513029e-01	9.645182597935679780e-01
-3.650689980884016302e-03	3.885796948815310996e-03	-6.966572347513608036e-03	-2.232990630214358365e-03	-1.560963151877170496e-02	5.004298530873043348e-03	-9.916885264214969631e-02	2.078661798101558433e-01	-1.846804222104113657e-01	1.358708435064157893e-01	9.193712423784254628e-02	1.098266746062688259e-01	-7.295197597558776559e-02	5.983524607170070952e-02	-3.387846621236799416e-02	2.849879498830966418e-02	-9.366654124997887340e-03	3.478635605980202102e-03	-3.943479332993476603e-04	4.442964506615498452e-03	-2.789691349442805814e-03	1.580416262998057646e-03	-3.336286863421232020e-03	3.876122485875832264e-03	7.079981536691147201e-03	-2.050929557792096746e-03	-8.443972772990212747e-03	8.282115903704241264e-03	4.895010262368539207e-03	-1.344657239674463406e-02	-1.539366065571125958e-02	1.519377071230659966e-02	1.137343182188309981e-04	-3.019628125429498280e-02	-2.727301508457475113e-02	4.247520518022418652e-03	2.717710214900529147e-03	-5.969579927796426350e-02	-7.691988543528618938e-02	2.556560511758128595e-01	-7.424480749339173791e+00	-1.501266834964904184e+01	-1.431815856731983416e+00	1.956547882107936287e-01	-3.508098737288603552e-02	2.760019669503094297e-02	-1.454429196426994080e-02	4.321888521936148239e-03	4.605532979327566813e-03	-1.057429250753284464e-02	-4.453897426464868692e-03	-2.102359058138562799e-03	-4.795127262015486114e-02	-1.247670169032011056e-01	5.392644035013921533e-01	-9.973369633846439486e-01
1.042764036720177784e-02	-3.145769969684656330e-04	5.204877325271994350e-03	1.050016826212010236e-02	5.042090872590797301e-02	-8.480332457423564452e-02	2.709248295686117469e-01	-5.840257794815353343e-01	1.357785196074066392e-01	-2.812704534252252406e-02	-5.186448766024537305e-02	-7.592352839598692782e-02	9.121049037324643893e-02	-1.112802101461916188e-01	7.285973423063131504e-02	-7.718363635963504388e-02	2.788203045843411221e-02	-1.045278232424394320e-02	2.448368522753108841e-03	-5.485135325506315836e-03	2.048627341706641628e-03	-6.766240750692508778e-03	1.144723260713376156e-02	2.671240449375188175e-03	-3.052751809070129827e-04	1.315278844170747648e-02	2.769830592366416544e-02	6.477464577878533705e-03	7.075383709040978901e-03	3.222577724413386996e-02	5.075239301240691558e-02	1.789500435672987616e-04	-6.552376048694706200e-04	2.169269377341016131e-02	2.496576145118133139e-02	-1.008215885955008294e-02	-2.950082186186778199e-02	2.688718490800559233e-02	8.668295483616890798e-03	-1.564964783013271521e-01	5.602603878679904836e-01	-6.973954558486179067e+00	-1.507105934675722558e+01	-1.680892873908132801e+00	1.897738250511497859e-01	-9.320848766806946739e-02	4.595298694198467204e-02	7.578961796012201844e-03	-1.831882520298361099e-04	3.065847715426231815e-02	3.007659603548773833e-02	-3.849790206579338774e-03	1.653847336393319545e-01	1.383793728560356096e+00	-1.042585291778564738e+01	2.431206255636301494e-01
-1.780324278321103806e-02	-8.405952688707368434e-03	-2.642315429735530804e-04	-2.728729403418859566e-03	-8.996758921380687557e-02	2.107172041354780645e-01	-1.644865607805187924e-01	2.106768298620330659e-01	-2.075454127610257618e-02	1.307377117891704403e-02	2.662988606172398548e-02	2.902715180176587348e-02	-4.410552352121312886e-02	6.160331790687088860e-02	-5.587461125672236323e-02	8.017657411608064555e-02	-4.030957534440936935e-02	2.377877231768606506e-02	-8.788621258542477291e-03	7.655930973914083955e-03	-1.930411306406081213e-03	1.231315432754279300e-02	-2.641101302514592408e-02	-2.275422691595655258e-02	-1.470864759991475507e-02	-2.861498430195779513e-02	-6.264933522799906451e-02	-4.511357245597519966e-02	-2.000640930608129156e-02	-2.577197814159605527e-02	-6.061818308935748578e-02	-8.011051644434006094e-03	1.739948607616320295e-02	3.043883824097476376e-02	1.532256325336799410e-02	2.212188033887102154e-02	4.756394380452441673e-02	5.547772955050453078e-03	1.292719074625698142e-02	-3.089682783647546439e-03	-1.100589633682978880e-01	2.379913477228426111e-01	-7.123057239417305730e+00	-1.502708411152370260e+01	-1.494362999711367879e+00	2.991928611306198249e-01	-1.202758852185761007e-01	-2.189041838273458190e-02	6.223055403777566844e-03	-5.773701574001884745e-02	-5.683004381468630128e-02	-1.336650258756517384e-01	1.081189155103335242e+00	-9.410061930071819125e-01	6.408567122894111012e-01	-3.067803892962733120e-02
3.670569707448875785e-02	3.000175524754367107e-02	1.335748788923021412e-03	-3.253698217997949560e-02	2.206585801314329132e-01	-4.730937579321193298e-01	9.349502832682238251e-02	-6.749449696299725243e-02	-3.898318388423690356e-02	-2.784395521170134231e-03	-9.481637472064164893e-03	1.945921695736325301e-03	1.593336330059325068e-02	-3.173954510178712135e-02	5.265552602540062022e-02	-1.098353010982159178e-01	7.799450971869394122e-02	-6.903298513040262430e-02	3.018419095222893422e-02	-2.235836589191902285e-02	8.750163734337608121e-03	-1.666664255420359508e-02	5.387276976164016851e-02	5.772455681926536714e-02	2.785717875284655920e-02	4.125606453586487532e-02	1.077883633944875241e-01	6.218852601863350538e-02	-1.405838835009870025e-04	-3.009992927870760310e-02	-2.522529924370262022e-02	-4.070479190595844426e-02	-5.728937695075268788e-02	-7.643415564878985879e-02	-5.693599138453348668e-02	-4.064074907627366479e-02	-4.602471583326105814e-02	-1.847563880879003403e-02	-3.765445732251198468e-02	-1.783486226393241969e-03	1.716053441070045094e-02	-7.539323314882676041e-02	2.615874434007837701e-01	-6.790392834913344444e+00	-1.509318520501822647e+01	-1.775710870727995161e+00	3.475693504878220597e-01	1.460499863941972232e-01	4.898380917190629791e-02	1.718014515966016231e-01	2.651296055679572827e-01	1.186747831940963671e+00	-7.032611772609860701e+00	1.989635801963783313e-01	1.416686153685530192e-01	-3.485928781753924038e-02
-3.573645745910859067e-02	-2.380393842090516854e-02	-3.049257115901856871e-02	1.005404096491635951e-01	-1.369156883844977191e-01	2.009067836363606918e-01	-4.513107045479420459e-02	3.712355869307732564e-02	1.065086243278629517e-02	5.764544802685532326e-04	8.164258974103281302e-03	6.189822060045825289e-03	-1.623226514504080495e-02	2.701153916992772228e-02	-3.643308679049080123e-02	6.300532364538538599e-02	-5.490666203968638803e-02	6.127783230415864008e-02	-3.094294006606099559e-02	2.948577130004523261e-02	-1.365458174874132659e-02	1.013106788731770597e-02	-5.286650893264445428e-02	-5.499699252954007300e-02	-1.669626319223550467e-02	-1.817039709946722745e-02	-5.080254236556558389e-02	-2.684897548342669166e-02	1.270274343724861477e-02	3.612262072834226262e-02	3.360721218904111351e-02	2.762470000527278424e-02	3.427224566737260836e-02	3.908633821944043629e-02	2.852313683567195626e-02	2.208310935935084082e-02	2.621945220406224700e-02	9.110541845784707674e-03	1.555774868521122775e-02	-1.551121328956281192e-03	-1.357391697646627600e-02	2.657218616863202265e-02	-1.486303083033337080e-01	1.570643944352704824e-01	-6.556444978699100368e+00	-1.503614447359433726e+01	-3.166564724027002953e+00	-2.958287459870390101e-01	2.133152042647654401e-01	-1.347432493437461243e-01	4.381380311949041317e-01	-8.014611255359856967e-01	4.511699907380556374e-01	-5.962985116557815990e-02	7.188804276284075506e-03	8.854890247456627048e-03
3.286271384229649123e-02	1.087124604183669838e-02	1.394256684193172502e-01	-2.753447361933423210e-01	8.140968802154624484e-02	-2.783054969681793972e-02	-2.442704381730364041e-02	1.705621128810910422e-02	-2.084874308311210692e-02	5.181422467420750307e-03	2.981164205233107541e-03	7.415579408076147794e-03	-1.757923578771109592e-03	-1.031700972168974858e-03	1.296388408959812770e-02	-2.355251869382523136e-02	4.861567323973742250e-02	-8.457008280932609701e-02	5.438384926430406274e-02	-7.116977671536171834e-02	4.128511447035797949e-02	1.299980083418610793e-02	3.561499999317057491e-02	8.512903681016275106e-03	-2.240466875553165024e-02	-2.187169679457855870e-02	-6.669746592107833952e-03	-2.600849644979972425e-02	-3.280764209409665205e-02	-3.303708605347670246e-02	-2.191210911601083888e-02	-2.318948971418554120e-02	-2.019375737620904623e-02	-1.110523376580281260e-02	-8.734745119668672897e-03	-1.028610160161009743e-02	-4.399722383932735438e-03	-1.072255282207184527e-03	-9.965061922901297803e-03	-9.691590394860323185e-03	8.336626257731684711e-03	-2.177594870085762177e-02	3.379780000772247828e-02	-1.704553362111262682e-01	1.640783197196953591e-01	-6.360447232991585764e+00	-1.502055851502104211e+01	5.726009377941653433e+00	-2.353324234774027524e+00	-5.213149764154979771e+00	-5.486928192191945719e+00	3.437157665939162467e-03	2.119206738348842212e-01	-6.545842797221328169e-02	4.715940193801300417e-02	-1.839864553885357107e-02
-6.369461162732130421e-02	-1.359381841623933307e-03	2.611154999855079886e-02	1.915928348343796939e-02	-4.949216671964051795e-02	6.215336474047335191e-02	-2.705660643644420063e-02	1.717858212063623491e-02	-9.347519741152806108e-03	3.778743194344326211e-04	4.602888062061975642e-03	1.021163292064512264e-02	-1.212319990698220752e-02	1.738586906655971431e-02	-1.678564545428702995e-02	2.441962559837291755e-02	-1.014449810435912556e-02	-2.612878668220245532e-03	2.024735910187834206e-02	-3.593366782719048524e-02	4.240729931838341932e-02	5.401539244243003246e-02	-6.802181150354215389e-02	-5.990459586815610749e-02	-4.951228925722541557e-02	-5.224930979417746063e-02	-5.504293466076817798e-02	-4.095501555862054999e-02	-2.305301271410030786e-02	-1.051804017659788842e-02	-6.550311137421500028e-03	-8.026054284472268138e-03	-1.202802206119661481e-03	5.029868349169490035e-03	1.571558823982673785e-03	-8.063471036675904182e-05	7.469346641585127879e-03	4.746124587611224221e-04	-3.241583561877361616e-03	-4.919209424962006465e-03	-1.713442374535869032e-03	-3.733528559623798971e-03	-5.906832195085168387e-03	-4.859464943613071158e-02	-7.750178410907058307e-03	-6.259751442798028309e-01	-5.134598240530215740e+00	-1.499941204785332083e+01	2.898291594014232864e+00	1.971214600604989320e+00	8.225829284438483935e-01	-2.099219963477462203e-01	8.063328417105410095e-02	-3.072404707072956542e-02	2.603935956646504998e-02	-5.572214463865188261e-03
-1.033021851049787387e-01	-5.851910128878629047e-02	2.774274002867872096e-02	5.134993363580755282e-02	-6.268144009163481578e-02	7.149158863947939480e-02	-2.800282256087965535e-02	1.790123154983666240e-02	-7.742797168801488460e-03	1.165655291446167580e-03	5.621545351276581101e-03	1.003914326185820563e-02	-1.259151351236509689e-02	1.833532325911742603e-02	-1.910814101492102832e-02	3.011743078588311612e-02	-1.761659175997343230e-02	1.137858015415275058e-02	7.046324902946635507e-03	-2.024422927791722643e-02	2.286615579358615077e-02	2.249270070290021462e-02	-2.786143354540246073e-02	-3.724791326341191783e-02	-2.376679630687559761e-02	-1.869917270475622215e-02	-1.736404865194455735e-02	-1.772719062068352919e-02	-5.209426682202395777e-03	7.435990710334047619e-03	7.543609772419045990e-03	2.311667826228019484e-03	6.760011261541489652e-03	1.142328552476541345e-02	6.966119237291981854e-03	4.191028659812303173e-03	1.010786228095271119e-02	3.047945192806168421e-03	-1.638818502663851029e-04	-5.488712090771708484e-03	-1.267718062585216450e-03	-1.902475629310216394e-03	-1.072304654792328484e-02	-2.278524329619448577e-02	-3.304078387942543937e-02	-1.826494120128166754e-01	-9.574068323764648447e-01	-3.977556338764754340e+00	-1.499505931302600104e+01	3.745600273620905529e+00	9.562242364149367013e-01	-1.803160636674813744e-01	4.922828211125818143e-02	-2.371178307292673773e-02	2.106070464758033611e-02	-4.571321671945866721e-03
1.580756970050883337e-01	-5.551173099851677839e-02	4.566368412555306122e-01	-8.608592333354300186e-01	8.694439733750251864e-02	1.896354381431340427e-02	-3.529427048809446327e-02	1.329413816871325392e-02	-2.066373665691014633e-02	3.407770831421563177e-03	3.088253533888452983e-04	5.209272966201784413e-03	8.549894312863535366e-04	-2.810258341245109367e-03	1.954806793949559474e-02	-2.996640692976940482e-02	8.479476698722027139e-02	-1.558699547270205321e-01	8.555452982241165683e-02	-1.080829895544221930e-01	3.518943930241284768e-02	-2.145888768085741499e-02	6.784777466717621663e-02	1.806011013306257212e-02	-8.245577464739368761e-04	1.240093634999890441e-02	3.789384057361002561e-02	-3.337979325116869223e-03	-1.837913809103899204e-02	-1.336427715441946065e-02	-3.370006707450965474e-03	-1.472384124013303465e-02	-1.757614033429913750e-02	-8.459414470956740789e-03	-6.579700034093819740e-03	-9.912136333240336578e-03	-7.028436181089194740e-03	-1.087188772581314244e-03	-9.034038411642483432e-03	-6.889961001127760214e-03	6.535809385054621064e-03	-1.276468395641118352e-02	1.887145385155643632e-02	-6.718276292183510134e-02	1.001482425010991918e-02	-1.546568878231525945e-01	-8.379947599848661666e-01	-7.108344058890042616e-01	-3.266571636434164372e+00	-1.502260492444921525e+01	4.491593118735450751e+00	-4.521269129086487593e-01	1.386710221925208097e-01	-5.288268943182301146e-02	2.893911824558063201e-02	-1.278322553342063628e-02
2.495759298664618486e-01	2.273970083298091638e-01	5.950755699194665294e-01	-8.272499130099962850e-01	6.943817806899164891e-02	6.200137428637458870e-02	-3.685929467666952675e-02	6.131875413594928444e-03	-2.065326124719229009e-02	-3.205798178684755948e-03	-2.391322485868149945e-03	8.504281369212329800e-03	-5.572326052882183717e-03	1.157151006432270007e-02	4.567681458910065849e-03	-2.731513514569753817e-02	1.211343049523247034e-01	-3.157724332669066825e-01	1.719447609737532467e-01	-2.018623046171694746e-01	7.020365400928721411e-02	-2.859144767329856521e-02	1.713535475382130524e-01	6.951369644960089800e-02	-9.046913266887238181e-03	-4.591935471074940454e-03	4.794478939017821767e-02	-4.123602138286529967e-02	-8.223146061522618178e-02	-1.063445114246498735e-01	-6.444418560653114580e-02	-5.564919026316307582e-02	-5.454358315547965658e-02	-3.876938661809148368e-02	-2.798105960863689692e-02	-2.534864394519468697e-02	-1.638588060437471197e-02	-1.003108230410750673e-02	-1.963273888785734347e-02	-1.718049043585573006e-03	-5.816956681592295704e-04	-4.215742647372163442e-03	5.723226895333963747e-03	-5.707121140881558224e-02	-1.042348016080885398e-01	5.760902575614185173e-01	-7.979811754769436938e-01	-4.988571331256536068e-02	4.200370862906632197e-01	-4.981648415649634565e+00	-1.496757007194440625e+01	-1.608168327421286792e+00	1.482769739470278514e-01	-4.679009220312058126e-02	2.834564168082993538e-02	-5.530325021789210191e-03
-8.704603935560491224e-02	-5.360160165745395111e-02	-1.385548514759755712e-01	5.928779400265009603e-01	-5.702294816222195362e-01	3.411033222420357669e-01	3.431452260817160343e-02	-1.541597456543546824e-02	4.192205418444444609e-02	-5.084519782531015048e-04	1.669373821241422560e-03	-1.090047489982567952e-02	-5.089266496703672392e-04	6.305138607687252143e-03	-4.533692238594993346e-02	1.262762625904105263e-01	-1.537062796081576088e-01	2.023632319907709143e-01	-7.716971663766353240e-02	6.947905885109310897e-02	-2.445601954226268512e-02	2.263297697687693608e-02	-7.820396431057873021e-02	-4.558374226440072702e-02	-1.021227529805593739e-02	-3.489323705535149478e-02	-1.016684423683956312e-01	-7.229277870799092655e-03	3.513415439558821574e-02	5.812276691238931620e-02	4.315590839212200824e-02	4.769544445241273578e-02	5.283693071807353536e-02	4.481949359709923308e-02	3.090788932526434760e-02	2.786129465962827387e-02	2.231092545939691515e-02	8.968582526089096882e-03	2.521196131270462756e-02	8.466594780850916074e-03	-4.688946879512051122e-03	1.805885168172228702e-02	-7.303748673937605906e-03	2.005035905757757697e-01	8.267282091480654405e-01	-7.807069395008051416e+00	1.371802024224420546e-01	-4.741874710143471616e-01	-7.254270405646067177e-01	-8.133678404686768282e-01	-7.313538501178292961e+00	-1.503127459716997549e+01	-1.220262187886387739e+00	1.743531413401880337e-01	-8.577775430775307075e-02	2.167379452480342611e-02
3.557249526319391369e-02	-9.133169678391126270e-03	5.934548841725607871e-02	6.507978955121236642e-02	1.589269170771877127e+00	-7.082258519195850255e+00	4.471520814873551630e-02	1.116027497267493979e-01	-9.607385302627635681e-02	2.547711672594250160e-02	9.121507620369860569e-03	1.431829259790550792e-02	2.103754597848262603e-02	-7.626553583409106940e-02	1.759692557443918726e-01	-4.366257714358586228e-01	2.205930682843330048e-01	-1.202425429550312563e-01	2.275517758508477026e-02	-2.166638105299852068e-02	3.776920033280407093e-03	-1.634878705756186157e-02	9.668255442940055025e-03	-2.650814908599373118e-02	-1.361922255663401173e-02	1.766780196824221244e-02	1.393338547806875251e-02	-3.324315611864060716e-02	-3.671740088627891644e-03	5.573147227652280183e-02	4.849633739411084166e-02	-2.731433350091348397e-03	-2.680024081816284251e-03	3.453759399442154349e-02	2.413685397223576390e-02	-2.476070568028203387e-03	3.815124838963202328e-03	1.516505906819309336e-02	-1.181574343175351149e-02	-4.770317162184691678e-02	2.393328362639633375e-02	-5.171273169291632638e-02	-1.624563228721141728e-01	8.996476772217441020e-01	-8.159522593786900924e-01	6.193919848218580881e-01	2.680209896810438128e-02	1.087670324660485049e-01	1.467584001844899899e-01	1.182754658772473821e-01	2.919060758552659562e-01	-6.306746911092503183e+00	-1.499656787980108064e+01	-1.276984060194220616e+00	2.558161994358613134e-01	-8.214060007142605369e-02
-1.479041505747260253e-02	7.099370283983099002e-03	-1.790568171029468039e-02	-2.937582762557966465e-02	-2.049192675694896937e-01	8.997088041302533368e-01	-7.584764874273894897e-01	5.422974582356135942e-01	6.966021067452042581e-02	-3.797066843205559178e-02	6.812685760030022172e-03	2.310036547849136229e-02	-8.413427935001385749e-02	1.811755261548796403e-01	-1.631274808474289795e-01	2.209888736728310710e-01	-7.140264641073135188e-02	2.454680751421604856e-02	-3.249880417884031761e-03	8.297984079237439095e-03	-1.980263699212068355e-03	8.722454314600796080e-03	-7.350859072082232930e-03	1.481249656568123935e-02	1.071449182642287418e-02	-1.036029523240549616e-02	-1.608237397330282079e-02	2.363645730065431355e-02	2.094103282022793944e-03	-4.443332774034195604e-02	-3.699247895922286311e-02	9.284810553498510158e-03	-1.208427075806500165e-03	-4.107267187273692249e-02	-3.049719569585863238e-02	3.045977158777482974e-03	4.026022071420669486e-03	-2.718672129651644731e-02	1.224348468832597500e-02	1.139007573384732686e-01	-8.924890071889410303e-02	2.786585496488532820e-01	1.310745028527099620e+00	-1.180988474388619736e+01	2.943475622820279081e-01	6.361451872173595756e-02	-7.194571288459941649e-02	-4.562216107881714861e-02	-3.934276306419354913e-02	-6.365794305880459469e-02	-9.294419576320876730e-02	2.435419978971143651e-01	-8.133394449645741986e+00	-1.501407586702341490e+01	-1.710806250429697473e+00	2.345706674268813186e-01
4.141894565780105189e-03	-8.424493912970952222e-03	2.184156814642149343e-03	3.677459493047210287e-02	-4.113705068964345485e-02	3.649436317489503367e-01	1.003264060251539469e+00	-1.045723009297585548e+01	1.775849321987958696e-01	7.688651331996736171e-02	-6.396479214800272761e-02	-1.433860662516404649e-01	2.919408317907343231e-01	-4.280187095318473411e-01	1.665003787953225067e-01	-8.222809700771357977e-02	4.168748043956553573e-03	1.474941937267565222e-02	-1.014831411168054705e-02	2.557089224544670421e-03	-2.450831728353270161e-03	-5.169103952817236981e-03	-5.352633029346333393e-04	-1.329171870254791492e-02	-8.507177879357920997e-03	1.768017595741633525e-03	-4.806529463342130645e-03	-2.160575819962785860e-02	-2.277293489371928509e-03	2.563335109163225253e-02	1.310365626442996172e-05	-7.343266698863134233e-03	1.756545231457458736e-02	7.138648598489806540e-02	3.568523306938078954e-02	8.698657506633317160e-03	1.888468235662843497e-02	5.053261361468804752e-02	-2.003970314473033001e-03	-2.482372498943688499e-01	-8.347761344944717998e-02	7.257489965002289489e-01	-9.270083915662918894e-01	5.733628120392001426e-01	-3.442286630825677068e-02	6.853707870994331895e-03	2.751209675967476731e-02	3.312245440534541951e-02	3.668729260765220962e-02	2.087425405496233163e-02	3.066961174430945028e-02	-1.316031562422311507e-01	3.359912902111930055e-01	-6.938863198700222057e+00	-1.499831871227119784e+01	-1.590925332470315201e+00
-3.257879152833091652e-03	6.301883285293749873e-03	-9.009867614332884439e-03	-5.025216577555269119e-03	-8.476946481750343571e-03	-5.421071410419687348e-02	-1.826094612732796496e-01	6.167216301086686503e-01	-9.233326561930086385e-01	3.101273420076142498e-02	9.883338766542876241e-02	2.437459296347000426e-01	-1.838953691381224054e-01	1.593805330757562810e-01	-6.218393222599526843e-02	3.295690493949297861e-02	-7.917375696122056633e-03	1.393167173463915600e-03	7.618008596277703109e-04	3.940980060142008738e-03	-2.298768950874263955e-03	1.181302500877931755e-03	-1.160555400033019260e-03	6.630541564625508887e-03	8.098684130567922884e-03	1.052046147990952233e-03	-1.322072276157550911e-04	1.513348157009974763e-02	9.596791382627426620e-03	-4.345252233210064076e-03	1.062993105003520906e-02	2.353237702730424930e-02	5.549136948554581755e-03	-1.910971475218496349e-02	1.104715908189903180e-02	1.253628067102459560e-02	-1.466529644959732072e-02	-2.776907593502775384e-02	5.060085933460439084e-02	3.559326543931048970e-01	1.109623058871541668e+00	-1.320457353963010050e+01	2.465075878063537340e-01	1.425269324353329314e-01	-3.482826964645586304e-02	2.487639563403074364e-02	-2.051401825135303059e-02	-5.860528766280839394e-03	-5.463883194612347179e-03	-1.402125289871005570e-02	-9.811904465318994906e-03	2.371363814185589725e-02	-1.620433152137142896e-01	3.923032281402884514e-01	-6.781697802124313057e+00	-1.506254605996740104e+01
-7.393331253388387043e-03	-1.660828947833973895e-03	-3.771157231668331462e-03	-2.616059183529360985e-03	-2.047282110425956841e-02	-4.478027311664858727e-03	-1.228307018774201231e-01	1.723497578720924184e-01	-8.060768447253303659e-01	5.467102727204464774e-01	2.007641461312540676e-01	3.322491878769632812e-01	-1.749078919538196442e-01	1.160472416963229808e-01	-5.365508754769456046e-02	3.935339939595847158e-02	-1.636836144230079462e-02	7.921789420354206565e-03	-4.080670875248085597e-03	5.377803931393307542e-03	-3.016058539817155233e-03	2.993026331291631474e-03	-8.080203280325768886e-03	-8.473313111452397337e-03	-4.006350320123824686e-03	-7.847548701546970887e-03	-1.554803979120340969e-02	-1.087306855024607229e-02	-4.704080705000657919e-03	-1.194628636028012905e-02	-1.967102416746348628e-02	-1.115447299893948963e-03	4.404298239107485614e-03	-7.456324814866625850e-03	-4.142096562103133629e-03	1.573355672481579690e-02	2.956907249338299251e-02	-6.791459896662298571e-04	1.017001730636489520e-02	1.498946173351493050e-01	-1.038417983239383613e-01	7.257888613137764011e-01	-1.740662630899866281e-01	9.339315600783062998e-02	-2.616747329751538398e-02	2.462525174628416372e-02	-6.501939428686731061e-03	9.817717420485240487e-03	1.185047873522207355e-02	-9.202260499193712709e-03	-5.705315451086914215e-03	-6.359640231347829520e-03	-3.854975096486474434e-02	2.984702719258054693e-02	-5.481936166378078568e-01	-1.913510750911903813e+00
